<?xml version="1.0" encoding="UTF-8"?>
<GenRun Id="impl_1" LaunchPart="xc7a100tcsg324-1" LaunchTime="1497481651">
  <File Type="WBT-USG" Name="usage_statistics_webtalk.html"/>
  <File Type="BG-DRC" Name="lab_6.drc"/>
  <File Type="BG-BGN" Name="lab_6.bgn"/>
  <File Type="BITSTR-SYSDEF" Name="lab_6.sysdef"/>
  <File Type="BITSTR-MMI" Name="lab_6.mmi"/>
  <File Type="BITSTR-BMM" Name="lab_6_bd.bmm"/>
  <File Type="BITSTR-NKY" Name="lab_6.nky"/>
  <File Type="BITSTR-RBT" Name="lab_6.rbt"/>
  <File Type="BITSTR-MSK" Name="lab_6.msk"/>
  <File Type="BG-BIN" Name="lab_6.bin"/>
  <File Type="BG-BIT" Name="lab_6.bit"/>
  <File Type="POSTROUTE-PHYSOPT-TIMING-RPX" Name="lab_6_timing_summary_postroute_physopted.rpx"/>
  <File Type="POSTROUTE-PHYSOPT-TIMING-PB" Name="lab_6_timing_summary_postroute_physopted.pb"/>
  <File Type="POSTROUTE-PHYSOPT-TIMING" Name="lab_6_timing_summary_postroute_physopted.rpt"/>
  <File Type="POSTROUTE-PHYSOPT-BLACKBOX-DCP" Name="lab_6_postroute_physopt_bb.dcp"/>
  <File Type="POSTROUTE-PHYSOPT-DCP" Name="lab_6_postroute_physopt.dcp"/>
  <File Type="ROUTE-CLK" Name="lab_6_clock_utilization_routed.rpt"/>
  <File Type="ROUTE-SIMILARITY" Name="lab_6_incremental_reuse_routed.rpt"/>
  <File Type="ROUTE-TIMING-RPX" Name="lab_6_timing_summary_routed.rpx"/>
  <File Type="ROUTE-TIMING-PB" Name="lab_6_timing_summary_routed.pb"/>
  <File Type="ROUTE-TIMINGSUMMARY" Name="lab_6_timing_summary_routed.rpt"/>
  <File Type="ROUTE-STATUS-PB" Name="lab_6_route_status.pb"/>
  <File Type="ROUTE-STATUS" Name="lab_6_route_status.rpt"/>
  <File Type="ROUTE-PWR-RPX" Name="lab_6_power_routed.rpx"/>
  <File Type="ROUTE-PWR-SUM" Name="lab_6_power_summary_routed.pb"/>
  <File Type="ROUTE-PWR" Name="lab_6_power_routed.rpt"/>
  <File Type="ROUTE-METHODOLOGY-DRC-PB" Name="lab_6_methodology_drc_routed.pb"/>
  <File Type="ROUTE-METHODOLOGY-DRC-RPX" Name="lab_6_methodology_drc_routed.rpx"/>
  <File Type="ROUTE-METHODOLOGY-DRC" Name="lab_6_methodology_drc_routed.rpt"/>
  <File Type="ROUTE-DRC-RPX" Name="lab_6_drc_routed.rpx"/>
  <File Type="ROUTE-DRC-PB" Name="lab_6_drc_routed.pb"/>
  <File Type="ROUTE-DRC" Name="lab_6_drc_routed.rpt"/>
  <File Type="ROUTE-BLACKBOX-DCP" Name="lab_6_routed_bb.dcp"/>
  <File Type="ROUTE-DCP" Name="lab_6_routed.dcp"/>
  <File Type="ROUTE-ERROR-DCP" Name="lab_6_routed_error.dcp"/>
  <File Type="PHYSOPT-TIMING" Name="lab_6_timing_summary_physopted.rpt"/>
  <File Type="PHYSOPT-DRC" Name="lab_6_drc_physopted.rpt"/>
  <File Type="PHYSOPT-DCP" Name="lab_6_physopt.dcp"/>
  <File Type="POSTPLACE-PWROPT-TIMING" Name="lab_6_timing_summary_postplace_pwropted.rpt"/>
  <File Type="RDI-RDI" Name="lab_6.vdi"/>
  <File Type="PLACE-TIMING" Name="lab_6_timing_summary_placed.rpt"/>
  <File Type="PLACE-PRE-SIMILARITY" Name="lab_6_incremental_reuse_pre_placed.rpt"/>
  <File Type="PLACE-SIMILARITY" Name="lab_6_incremental_reuse_placed.rpt"/>
  <File Type="PLACE-CTRL" Name="lab_6_control_sets_placed.rpt"/>
  <File Type="PLACE-UTIL-PB" Name="lab_6_utilization_placed.pb"/>
  <File Type="PLACE-UTIL" Name="lab_6_utilization_placed.rpt"/>
  <File Type="PLACE-CLK" Name="lab_6_clock_utilization_placed.rpt"/>
  <File Type="PLACE-IO" Name="lab_6_io_placed.rpt"/>
  <File Type="PLACE-DCP" Name="lab_6_placed.dcp"/>
  <File Type="PWROPT-TIMING" Name="lab_6_timing_summary_pwropted.rpt"/>
  <File Type="PWROPT-DRC" Name="lab_6_drc_pwropted.rpt"/>
  <File Type="PWROPT-DCP" Name="lab_6_pwropt.dcp"/>
  <File Type="OPT-TIMING" Name="lab_6_timing_summary_opted.rpt"/>
  <File Type="OPT-HWDEF" Name="lab_6.hwdef"/>
  <File Type="OPT-METHODOLOGY-DRC" Name="lab_6_methodology_drc_opted.rpt"/>
  <File Type="OPT-DRC" Name="lab_6_drc_opted.rpt"/>
  <File Type="OPT-DCP" Name="lab_6_opt.dcp"/>
  <File Type="INIT-TIMING" Name="lab_6_timing_summary_init.rpt"/>
  <File Type="POSTPLACE-PWROPT-DCP" Name="lab_6_postplace_pwropt.dcp"/>
  <File Type="PA-TCL" Name="lab_6.tcl"/>
  <FileSet Name="sources" Type="DesignSrcs" RelSrcDir="$PSRCDIR/sources_1">
    <Filter Type="Srcs"/>
    <File Path="$PSRCDIR/sources_1/new/characters.v">
      <FileInfo>
        <Attr Name="UsedIn" Val="synthesis"/>
        <Attr Name="UsedIn" Val="implementation"/>
        <Attr Name="UsedIn" Val="simulation"/>
      </FileInfo>
    </File>
    <File Path="$PSRCDIR/sources_1/ip/clk_wiz_0/clk_wiz_0_clk_wiz.v">
      <FileInfo>
        <Attr Name="UsedIn" Val="synthesis"/>
        <Attr Name="UsedIn" Val="implementation"/>
        <Attr Name="UsedIn" Val="simulation"/>
      </FileInfo>
    </File>
    <File Path="$PSRCDIR/sources_1/new/clk_82.v">
      <FileInfo>
        <Attr Name="UsedIn" Val="synthesis"/>
        <Attr Name="UsedIn" Val="implementation"/>
        <Attr Name="UsedIn" Val="simulation"/>
      </FileInfo>
    </File>
    <File Path="$PSRCDIR/sources_1/new/driver_vga.v">
      <FileInfo>
        <Attr Name="UsedIn" Val="synthesis"/>
        <Attr Name="UsedIn" Val="implementation"/>
        <Attr Name="UsedIn" Val="simulation"/>
      </FileInfo>
    </File>
    <File Path="$PSRCDIR/sources_1/new/kbd_ms.v">
      <FileInfo>
        <Attr Name="UsedIn" Val="synthesis"/>
        <Attr Name="UsedIn" Val="implementation"/>
        <Attr Name="UsedIn" Val="simulation"/>
      </FileInfo>
    </File>
    <File Path="$PPRDIR/../Descargas/codigos del ramo/ELO212-example-modules-master/Lab6_PS2_VGA_reference/hello_world.v">
      <FileInfo>
        <Attr Name="UsedIn" Val="synthesis"/>
        <Attr Name="UsedIn" Val="implementation"/>
        <Attr Name="UsedIn" Val="simulation"/>
      </FileInfo>
    </File>
    <File Path="$PPRDIR/../Descargas/codigos del ramo/ELO212-example-modules-master/Lab6_PS2_VGA_reference/lab_6.v">
      <FileInfo>
        <Attr Name="UsedIn" Val="synthesis"/>
        <Attr Name="UsedIn" Val="implementation"/>
        <Attr Name="UsedIn" Val="simulation"/>
      </FileInfo>
    </File>
    <File Path="$PSRCDIR/sources_1/new/templates.v">
      <FileInfo>
        <Attr Name="AutoDisabled" Val="1"/>
        <Attr Name="UsedIn" Val="synthesis"/>
        <Attr Name="UsedIn" Val="implementation"/>
        <Attr Name="UsedIn" Val="simulation"/>
      </FileInfo>
    </File>
    <File Path="$PSRCDIR/sources_1/new/video_testpattern.v">
      <FileInfo>
        <Attr Name="AutoDisabled" Val="1"/>
        <Attr Name="UsedIn" Val="synthesis"/>
        <Attr Name="UsedIn" Val="implementation"/>
        <Attr Name="UsedIn" Val="simulation"/>
      </FileInfo>
    </File>
    <File Path="$PSRCDIR/sources_1/new/Top_module.v">
      <FileInfo>
        <Attr Name="UserDisabled" Val="1"/>
        <Attr Name="UsedIn" Val="synthesis"/>
        <Attr Name="UsedIn" Val="implementation"/>
        <Attr Name="UsedIn" Val="simulation"/>
      </FileInfo>
    </File>
    <Config>
      <Option Name="DesignMode" Val="RTL"/>
      <Option Name="TopModule" Val="lab_6"/>
      <Option Name="TopAutoSet" Val="TRUE"/>
    </Config>
  </FileSet>
  <FileSet Name="constrs_in" Type="Constrs" RelSrcDir="$PSRCDIR/constrs_1">
    <Filter Type="Constrs"/>
    <File Path="$PSRCDIR/constrs_1/new/Nexys4DDR_Master-2.xdc">
      <FileInfo>
        <Attr Name="UsedIn" Val="synthesis"/>
        <Attr Name="UsedIn" Val="implementation"/>
      </FileInfo>
    </File>
    <Config>
      <Option Name="ConstrsType" Val="XDC"/>
    </Config>
  </FileSet>
  <Strategy Version="1" Minor="2">
    <StratHandle Name="Vivado Implementation Defaults" Flow="Vivado Implementation 2016"/>
    <Step Id="init_design"/>
    <Step Id="opt_design"/>
    <Step Id="power_opt_design"/>
    <Step Id="place_design"/>
    <Step Id="post_place_power_opt_design"/>
    <Step Id="phys_opt_design"/>
    <Step Id="route_design"/>
    <Step Id="post_route_phys_opt_design"/>
    <Step Id="write_bitstream"/>
  </Strategy>
</GenRun>
